image_relative_path,split,category,commons_title,commons_page_url,download_url,license_short_name,usage_terms,artist,credit,downloaded_at
curated/wikimedia_relevance_negatives_2026_05_13/images/train/unrelated/wikimedia_unrelated_0001_5ac2bfc25d.jpg,train,Category:Food,File:Suspended (32711239137).jpg,https://commons.wikimedia.org/wiki/File:Suspended_%2832711239137%29.jpg,https://upload.wikimedia.org/wikipedia/commons/thumb/7/72/Suspended_%2832711239137%29.jpg/960px-Suspended_%2832711239137%29.jpg?utm_source=commons.wikimedia.org&utm_campaign=imageinfo&utm_content=thumbnail,CC BY 2.0,Creative Commons Attribution 2.0,Will Brown,Flickr,2026-05-13T12:45:33.065253+00:00
curated/wikimedia_relevance_negatives_2026_05_13/images/train/unrelated/wikimedia_unrelated_0003_2aba5298b1.jpg,train,Category:Food,File:Kheer on a full moon night (10437607734).jpg,https://commons.wikimedia.org/wiki/File:Kheer_on_a_full_moon_night_%2810437607734%29.jpg,https://upload.wikimedia.org/wikipedia/commons/thumb/6/69/Kheer_on_a_full_moon_night_%2810437607734%29.jpg/960px-Kheer_on_a_full_moon_night_%2810437607734%29.jpg?utm_source=commons.wikimedia.org&utm_campaign=imageinfo&utm_content=thumbnail,CC BY-SA 2.0,Creative Commons Attribution-Share Alike 2.0,Devika,kheer on a full moon night,2026-05-13T12:45:34.130911+00:00
curated/wikimedia_relevance_negatives_2026_05_13/images/train/unrelated/wikimedia_unrelated_0005_bc03e1c89b.jpg,train,Category:Food,File:Gambara nösi ndruria ba Danö Niha.jpg,https://commons.wikimedia.org/wiki/File:Gambara_n%C3%B6si_ndruria_ba_Dan%C3%B6_Niha.jpg,https://upload.wikimedia.org/wikipedia/commons/8/81/Gambara_n%C3%B6si_ndruria_ba_Dan%C3%B6_Niha.jpg?utm_source=commons.wikimedia.org&utm_campaign=imageinfo&utm_content=thumbnail_unscaled,CC BY-SA 4.0,Creative Commons Attribution-Share Alike 4.0,Yasanto Lase,Own work,2026-05-13T12:45:36.339968+00:00
curated/wikimedia_relevance_negatives_2026_05_13/images/train/unrelated/wikimedia_unrelated_0007_cad6de8924.jpg,train,Category:Food,File:Andechs (2842623367).jpg,https://commons.wikimedia.org/wiki/File:Andechs_%282842623367%29.jpg,https://upload.wikimedia.org/wikipedia/commons/thumb/7/77/Andechs_%282842623367%29.jpg/960px-Andechs_%282842623367%29.jpg?utm_source=commons.wikimedia.org&utm_campaign=imageinfo&utm_content=thumbnail,CC BY 2.0,Creative Commons Attribution 2.0,"David Pursehouse from Kawasaki, Japan",Andechs,2026-05-13T12:45:37.964631+00:00
curated/wikimedia_relevance_negatives_2026_05_13/images/train/unrelated/wikimedia_unrelated_0009_9c13cde758.jpg,train,Category:Food,File:Different kakanin.jpg,https://commons.wikimedia.org/wiki/File:Different_kakanin.jpg,https://upload.wikimedia.org/wikipedia/commons/thumb/2/20/Different_kakanin.jpg/960px-Different_kakanin.jpg?utm_source=commons.wikimedia.org&utm_campaign=imageinfo&utm_content=thumbnail,CC BY-SA 4.0,Creative Commons Attribution-Share Alike 4.0,Elmer B. Domingo,Own work,2026-05-13T12:45:40.560732+00:00
curated/wikimedia_relevance_negatives_2026_05_13/images/train/unrelated/wikimedia_unrelated_0011_85f15ebf01.jpg,train,Category:Food,File:Foodie Fight! (3017929155).jpg,https://commons.wikimedia.org/wiki/File:Foodie_Fight%21_%283017929155%29.jpg,https://upload.wikimedia.org/wikipedia/commons/thumb/5/55/Foodie_Fight%21_%283017929155%29.jpg/960px-Foodie_Fight%21_%283017929155%29.jpg?utm_source=commons.wikimedia.org&utm_campaign=imageinfo&utm_content=thumbnail,CC BY-SA 2.0,Creative Commons Attribution-Share Alike 2.0,"Mack Male from Edmonton, AB, Canada",Foodie Fight!,2026-05-13T12:45:43.151520+00:00
curated/wikimedia_relevance_negatives_2026_05_13/images/train/unrelated/wikimedia_unrelated_0013_6bdb5d137e.jpg,train,Category:Food,File:Juriichi.jpg,https://commons.wikimedia.org/wiki/File:Juriichi.jpg,https://upload.wikimedia.org/wikipedia/commons/thumb/0/00/Juriichi.jpg/960px-Juriichi.jpg?utm_source=commons.wikimedia.org&utm_campaign=imageinfo&utm_content=thumbnail,CC BY-SA 4.0,Creative Commons Attribution-Share Alike 4.0,Ruberlis2112,Own work,2026-05-13T12:45:44.936151+00:00
curated/wikimedia_relevance_negatives_2026_05_13/images/val/unrelated/wikimedia_unrelated_0015_83bcf47dae.jpg,val,Category:Food,File:Fidgeting with foodstuff (6021130).jpg,https://commons.wikimedia.org/wiki/File:Fidgeting_with_foodstuff_%286021130%29.jpg,https://upload.wikimedia.org/wikipedia/commons/thumb/7/74/Fidgeting_with_foodstuff_%286021130%29.jpg/960px-Fidgeting_with_foodstuff_%286021130%29.jpg?utm_source=commons.wikimedia.org&utm_campaign=imageinfo&utm_content=thumbnail,Public domain,Public domain,U.S. Air Force 86AW by Airman 1st Class Jennifer Gonzales,This image was released by the United States Air Force with the ID 200110-F-BH697-1049 (next). This tag does not indicate the copyright status of the attached work. A normal copyright tag is still required. See Commons:Licensing. العربية ∙ বাংলা ∙ Bahaso Jambi ∙ Deutsch ∙ Deutsch (Sie-Form) ∙ English ∙ español ∙ euskara ∙ فارسی ∙ français ∙ italiano ∙ 日本語 ∙ 한국어 ∙ македонски ∙ മലയാളം ∙ Plattdüütsch ∙ Nederlands ∙ polski ∙ پښتو ∙ português ∙ русский ∙ slovenščina ∙ svenska ∙ Türkçe ∙ українська ∙ 简体中文 ∙ 繁體中文 ∙ +/−,2026-05-13T12:45:46.599958+00:00
curated/wikimedia_relevance_negatives_2026_05_13/images/test/unrelated/wikimedia_unrelated_0017_0fd653619d.jpg,test,Category:Food,File:Ayam Geprek.jpg,https://commons.wikimedia.org/wiki/File:Ayam_Geprek.jpg,https://upload.wikimedia.org/wikipedia/commons/thumb/c/cc/Ayam_Geprek.jpg/960px-Ayam_Geprek.jpg?utm_source=commons.wikimedia.org&utm_campaign=imageinfo&utm_content=thumbnail,CC BY 4.0,Creative Commons Attribution 4.0,Cendy00,Own work,2026-05-13T12:45:48.320296+00:00
curated/wikimedia_relevance_negatives_2026_05_13/images/test/unrelated/wikimedia_unrelated_0019_a1d9a27644.jpg,test,Category:Food,File:Basiko.jpg,https://commons.wikimedia.org/wiki/File:Basiko.jpg,https://upload.wikimedia.org/wikipedia/commons/thumb/1/11/Basiko.jpg/960px-Basiko.jpg?utm_source=commons.wikimedia.org&utm_campaign=imageinfo&utm_content=thumbnail,CC BY 4.0,Creative Commons Attribution 4.0,Asikironalio,Own work,2026-05-13T12:45:49.796904+00:00
curated/wikimedia_relevance_negatives_2026_05_13/images/train/unrelated/wikimedia_unrelated_0021_a6b3bc4d95.jpg,train,Category:Food,File:Kuku transitional source.jpg,https://commons.wikimedia.org/wiki/File:Kuku_transitional_source.jpg,https://upload.wikimedia.org/wikipedia/commons/thumb/3/3f/Kuku_transitional_source.jpg/960px-Kuku_transitional_source.jpg?utm_source=commons.wikimedia.org&utm_campaign=imageinfo&utm_content=thumbnail,CC BY 4.0,Creative Commons Attribution 4.0,Asikironalio,Own work,2026-05-13T12:45:51.474628+00:00
curated/wikimedia_relevance_negatives_2026_05_13/images/train/unrelated/wikimedia_unrelated_0023_8e4206593a.jpg,train,Category:Food,File:Food (48385).jpg,https://commons.wikimedia.org/wiki/File:Food_%2848385%29.jpg,https://upload.wikimedia.org/wikipedia/commons/thumb/4/49/Food_%2848385%29.jpg/960px-Food_%2848385%29.jpg?utm_source=commons.wikimedia.org&utm_campaign=imageinfo&utm_content=thumbnail,CC BY-SA 4.0,Creative Commons Attribution-Share Alike 4.0,Shravya Shettigar,Own work,2026-05-13T12:45:54.772739+00:00
curated/wikimedia_relevance_negatives_2026_05_13/images/train/unrelated/wikimedia_unrelated_0025_840278071a.jpg,train,Category:Food,File:Miyan kuka or kuka soup.jpg,https://commons.wikimedia.org/wiki/File:Miyan_kuka_or_kuka_soup.jpg,https://upload.wikimedia.org/wikipedia/commons/thumb/5/5c/Miyan_kuka_or_kuka_soup.jpg/960px-Miyan_kuka_or_kuka_soup.jpg?utm_source=commons.wikimedia.org&utm_campaign=imageinfo&utm_content=thumbnail,CC0,"Creative Commons Zero, Public Domain Dedication",Bembety,Own work,2026-05-13T12:46:22.084367+00:00
curated/wikimedia_relevance_negatives_2026_05_13/images/train/unrelated/wikimedia_unrelated_0027_caa0a23d7f.jpg,train,Category:Food,File:Panquequihuevo.jpg,https://commons.wikimedia.org/wiki/File:Panquequihuevo.jpg,https://upload.wikimedia.org/wikipedia/commons/thumb/0/08/Panquequihuevo.jpg/960px-Panquequihuevo.jpg?utm_source=commons.wikimedia.org&utm_campaign=imageinfo&utm_content=thumbnail,CC0,"Creative Commons Zero, Public Domain Dedication",RutasDelGusto,Own work,2026-05-13T12:46:24.717287+00:00
curated/wikimedia_relevance_negatives_2026_05_13/images/train/unrelated/wikimedia_unrelated_0029_80e3c933e7.jpg,train,Category:Food,File:Pipino.jpg,https://commons.wikimedia.org/wiki/File:Pipino.jpg,https://upload.wikimedia.org/wikipedia/commons/thumb/4/43/Pipino.jpg/960px-Pipino.jpg?utm_source=commons.wikimedia.org&utm_campaign=imageinfo&utm_content=thumbnail,CC0,"Creative Commons Zero, Public Domain Dedication",Laan234,Own work,2026-05-13T12:46:26.833138+00:00
curated/wikimedia_relevance_negatives_2026_05_13/images/train/unrelated/wikimedia_unrelated_0031_486a25e863.jpg,train,Category:Food,File:Eja yoyo and Ede Dindin.jpg,https://commons.wikimedia.org/wiki/File:Eja_yoyo_and_Ede_Dindin.jpg,https://upload.wikimedia.org/wikipedia/commons/thumb/e/e7/Eja_yoyo_and_Ede_Dindin.jpg/960px-Eja_yoyo_and_Ede_Dindin.jpg?utm_source=commons.wikimedia.org&utm_campaign=imageinfo&utm_content=thumbnail,CC0,"Creative Commons Zero, Public Domain Dedication",Dolpina,Own work,2026-05-13T12:46:49.779043+00:00
curated/wikimedia_relevance_negatives_2026_05_13/images/train/unrelated/wikimedia_unrelated_0033_86ccde29e8.jpg,train,Category:Meals,"File:Bundesarchiv Bild 183-H13192, Adolf Hitler im Sudetenland.jpg",https://commons.wikimedia.org/wiki/File:Bundesarchiv_Bild_183-H13192%2C_Adolf_Hitler_im_Sudetenland.jpg,https://upload.wikimedia.org/wikipedia/commons/3/32/Bundesarchiv_Bild_183-H13192%2C_Adolf_Hitler_im_Sudetenland.jpg?utm_source=commons.wikimedia.org&utm_campaign=imageinfo&utm_content=thumbnail_unscaled,CC BY-SA 3.0 de,Creative Commons Attribution-Share Alike 3.0 de,Unknown authorUnknown author,"This image was provided to Wikimedia Commons by the German Federal Archive (Deutsches Bundesarchiv) as part of a cooperation project. The German Federal Archive guarantees an authentic representation only using the originals (negative and/or positive), resp. the digitalization of the originals as provided by the Digital Image Archive.",2026-05-13T12:46:52.762718+00:00
curated/wikimedia_relevance_negatives_2026_05_13/images/val/unrelated/wikimedia_unrelated_0035_997d7e7226.jpg,val,Category:Meals,File:BEERAKAYA FRY.JPG,https://commons.wikimedia.org/wiki/File:BEERAKAYA_FRY.JPG,https://upload.wikimedia.org/wikipedia/commons/thumb/8/84/BEERAKAYA_FRY.JPG/960px-BEERAKAYA_FRY.JPG?utm_source=commons.wikimedia.org&utm_campaign=imageinfo&utm_content=thumbnail,CC BY-SA 4.0,Creative Commons Attribution-Share Alike 4.0,Mkr.lines,Own work,2026-05-13T12:46:54.254297+00:00
curated/wikimedia_relevance_negatives_2026_05_13/images/test/unrelated/wikimedia_unrelated_0037_a5512939ce.jpg,test,Category:Meals,"File:Burgers en een militair tijdens een feestelijk diner waarbij journalistschrijve, Bestanddeelnr 255-9051.jpg",https://commons.wikimedia.org/wiki/File:Burgers_en_een_militair_tijdens_een_feestelijk_diner_waarbij_journalistschrijve%2C_Bestanddeelnr_255-9051.jpg,https://upload.wikimedia.org/wikipedia/commons/thumb/8/87/Burgers_en_een_militair_tijdens_een_feestelijk_diner_waarbij_journalistschrijve%2C_Bestanddeelnr_255-9051.jpg/960px-Burgers_en_een_militair_tijdens_een_feestelijk_diner_waarbij_journalistschrijve%2C_Bestanddeelnr_255-9051.jpg?utm_source=commons.wikimedia.org&utm_campaign=imageinfo&utm_content=thumbnail,CC0,"Creative Commons Zero, Public Domain Dedication",Willem van de Poll,http://proxy.handle.net/10648/aeece940-d0b4-102d-bcf8-003048976d84,2026-05-13T12:46:55.432261+00:00
curated/wikimedia_relevance_negatives_2026_05_13/images/test/unrelated/wikimedia_unrelated_0039_64a467d093.jpg,test,Category:Meals,"File:Burgers, een militair en een marineofficier tijdens een feestelijk diner waarbij, Bestanddeelnr 255-9050.jpg",https://commons.wikimedia.org/wiki/File:Burgers%2C_een_militair_en_een_marineofficier_tijdens_een_feestelijk_diner_waarbij%2C_Bestanddeelnr_255-9050.jpg,https://upload.wikimedia.org/wikipedia/commons/thumb/b/b5/Burgers%2C_een_militair_en_een_marineofficier_tijdens_een_feestelijk_diner_waarbij%2C_Bestanddeelnr_255-9050.jpg/960px-Burgers%2C_een_militair_en_een_marineofficier_tijdens_een_feestelijk_diner_waarbij%2C_Bestanddeelnr_255-9050.jpg?utm_source=commons.wikimedia.org&utm_campaign=imageinfo&utm_content=thumbnail,CC0,"Creative Commons Zero, Public Domain Dedication",Willem van de Poll,http://proxy.handle.net/10648/aeece882-d0b4-102d-bcf8-003048976d84,2026-05-13T12:46:57.930216+00:00
curated/wikimedia_relevance_negatives_2026_05_13/images/train/unrelated/wikimedia_unrelated_0041_3fbe9cfbb9.jpg,train,Category:Meals,File:Cena julli.jpg,https://commons.wikimedia.org/wiki/File:Cena_julli.jpg,https://upload.wikimedia.org/wikipedia/commons/2/25/Cena_julli.jpg?utm_source=commons.wikimedia.org&utm_campaign=imageinfo&utm_content=thumbnail_unscaled,CC BY-SA 4.0,Creative Commons Attribution-Share Alike 4.0,Julissav24,Own work,2026-05-13T12:46:59.531662+00:00
curated/wikimedia_relevance_negatives_2026_05_13/images/train/unrelated/wikimedia_unrelated_0043_67f5517043.jpg,train,Category:Meals,File:Bug cooking 1991 89.jpg,https://commons.wikimedia.org/wiki/File:Bug_cooking_1991_89.jpg,https://upload.wikimedia.org/wikipedia/commons/thumb/0/05/Bug_cooking_1991_89.jpg/960px-Bug_cooking_1991_89.jpg?utm_source=commons.wikimedia.org&utm_campaign=imageinfo&utm_content=thumbnail,CC BY-SA 4.0,Creative Commons Attribution-Share Alike 4.0,Smiley.toerist,Own work,2026-05-13T12:47:00.444029+00:00
curated/wikimedia_relevance_negatives_2026_05_13/images/train/unrelated/wikimedia_unrelated_0045_12484cd494.jpg,train,Category:Meals,File:Appetizers for a Greek meal (5178298876).jpg,https://commons.wikimedia.org/wiki/File:Appetizers_for_a_Greek_meal_%285178298876%29.jpg,https://upload.wikimedia.org/wikipedia/commons/thumb/1/1e/Appetizers_for_a_Greek_meal_%285178298876%29.jpg/960px-Appetizers_for_a_Greek_meal_%285178298876%29.jpg?utm_source=commons.wikimedia.org&utm_campaign=imageinfo&utm_content=thumbnail,CC BY 2.0,Creative Commons Attribution 2.0,"Geoff Peters from Vancouver, BC, Canada",Appetizers for a Greek meal,2026-05-13T12:47:01.991496+00:00
curated/wikimedia_relevance_negatives_2026_05_13/images/train/unrelated/wikimedia_unrelated_0047_b026769139.jpg,train,Category:Meals,File:Bouillabaisse Warszawa.jpg,https://commons.wikimedia.org/wiki/File:Bouillabaisse_Warszawa.jpg,https://upload.wikimedia.org/wikipedia/commons/thumb/7/75/Bouillabaisse_Warszawa.jpg/960px-Bouillabaisse_Warszawa.jpg?utm_source=commons.wikimedia.org&utm_campaign=imageinfo&utm_content=thumbnail,CC BY-SA 4.0,Creative Commons Attribution-Share Alike 4.0,Mariusz Swornóg,Own work,2026-05-13T12:47:05.641209+00:00
curated/wikimedia_relevance_negatives_2026_05_13/images/train/unrelated/wikimedia_unrelated_0049_a9cfd018ce.jpg,train,Category:Meals,File:Black pudding in beer batter......Hmmmm (12029045085).jpg,https://commons.wikimedia.org/wiki/File:Black_pudding_in_beer_batter......Hmmmm_%2812029045085%29.jpg,https://upload.wikimedia.org/wikipedia/commons/2/26/Black_pudding_in_beer_batter......Hmmmm_%2812029045085%29.jpg?utm_source=commons.wikimedia.org&utm_campaign=imageinfo&utm_content=thumbnail_unscaled,CC BY 2.0,Creative Commons Attribution 2.0,"Iain Patterson from Mold, UK",Black pudding in beer batter......Hmmmm,2026-05-13T12:47:06.425557+00:00
curated/wikimedia_relevance_negatives_2026_05_13/images/train/unrelated/wikimedia_unrelated_0051_a7927979d2.jpg,train,Category:Meals,File:Barbecue meal (21748931590).jpg,https://commons.wikimedia.org/wiki/File:Barbecue_meal_%2821748931590%29.jpg,https://upload.wikimedia.org/wikipedia/commons/thumb/b/b4/Barbecue_meal_%2821748931590%29.jpg/960px-Barbecue_meal_%2821748931590%29.jpg?utm_source=commons.wikimedia.org&utm_campaign=imageinfo&utm_content=thumbnail,CC0,"Creative Commons Zero, Public Domain Dedication",StockyPics,Barbecue meal,2026-05-13T12:47:07.817639+00:00
curated/wikimedia_relevance_negatives_2026_05_13/images/train/unrelated/wikimedia_unrelated_0053_329927eb7c.jpg,train,Category:Meals,File:Bibim Naengmyun (6352444035).jpg,https://commons.wikimedia.org/wiki/File:Bibim_Naengmyun_%286352444035%29.jpg,https://upload.wikimedia.org/wikipedia/commons/thumb/8/8d/Bibim_Naengmyun_%286352444035%29.jpg/960px-Bibim_Naengmyun_%286352444035%29.jpg?utm_source=commons.wikimedia.org&utm_campaign=imageinfo&utm_content=thumbnail,CC BY 2.0,Creative Commons Attribution 2.0,"Chloe Lim from Seoul, South Korea",Bibim Naengmyun,2026-05-13T12:47:09.015330+00:00
curated/wikimedia_relevance_negatives_2026_05_13/images/val/unrelated/wikimedia_unrelated_0055_7fe041e2c8.jpg,val,Category:Meals,File:Bomboloni Coklat.jpg,https://commons.wikimedia.org/wiki/File:Bomboloni_Coklat.jpg,https://upload.wikimedia.org/wikipedia/commons/thumb/8/86/Bomboloni_Coklat.jpg/960px-Bomboloni_Coklat.jpg?utm_source=commons.wikimedia.org&utm_campaign=imageinfo&utm_content=thumbnail,CC BY-SA 4.0,Creative Commons Attribution-Share Alike 4.0,Supardisahabu,Own work,2026-05-13T12:47:10.522436+00:00
curated/wikimedia_relevance_negatives_2026_05_13/images/test/unrelated/wikimedia_unrelated_0057_3c413454bd.jpg,test,Category:Meals,File:Bean Starch Noodle (13950666941).jpg,https://commons.wikimedia.org/wiki/File:Bean_Starch_Noodle_%2813950666941%29.jpg,https://upload.wikimedia.org/wikipedia/commons/thumb/a/ac/Bean_Starch_Noodle_%2813950666941%29.jpg/960px-Bean_Starch_Noodle_%2813950666941%29.jpg?utm_source=commons.wikimedia.org&utm_campaign=imageinfo&utm_content=thumbnail,CC BY-SA 2.0,Creative Commons Attribution-Share Alike 2.0,Charles Haynes,Bean Starch Noodle,2026-05-13T12:47:54.711470+00:00
curated/wikimedia_relevance_negatives_2026_05_13/images/test/unrelated/wikimedia_unrelated_0059_224f5d8569.jpg,test,Category:Meals,File:Beef Noodle Soup (13950633042).jpg,https://commons.wikimedia.org/wiki/File:Beef_Noodle_Soup_%2813950633042%29.jpg,https://upload.wikimedia.org/wikipedia/commons/thumb/9/99/Beef_Noodle_Soup_%2813950633042%29.jpg/960px-Beef_Noodle_Soup_%2813950633042%29.jpg?utm_source=commons.wikimedia.org&utm_campaign=imageinfo&utm_content=thumbnail,CC BY-SA 2.0,Creative Commons Attribution-Share Alike 2.0,Charles Haynes,Beef Noodle Soup,2026-05-13T12:47:55.802097+00:00
curated/wikimedia_relevance_negatives_2026_05_13/images/train/unrelated/wikimedia_unrelated_0061_2f3322d7c6.jpg,train,Category:Meals,File:Beef roll (26860799641).jpg,https://commons.wikimedia.org/wiki/File:Beef_roll_%2826860799641%29.jpg,https://upload.wikimedia.org/wikipedia/commons/thumb/7/7f/Beef_roll_%2826860799641%29.jpg/960px-Beef_roll_%2826860799641%29.jpg?utm_source=commons.wikimedia.org&utm_campaign=imageinfo&utm_content=thumbnail,CC BY 2.0,Creative Commons Attribution 2.0,T.Tseng,Beef roll,2026-05-13T12:47:56.660459+00:00
curated/wikimedia_relevance_negatives_2026_05_13/images/train/unrelated/wikimedia_unrelated_0063_42239493dd.jpg,train,Category:Meals,File:Beef roll (26894574996).jpg,https://commons.wikimedia.org/wiki/File:Beef_roll_%2826894574996%29.jpg,https://upload.wikimedia.org/wikipedia/commons/thumb/3/39/Beef_roll_%2826894574996%29.jpg/960px-Beef_roll_%2826894574996%29.jpg?utm_source=commons.wikimedia.org&utm_campaign=imageinfo&utm_content=thumbnail,CC BY 2.0,Creative Commons Attribution 2.0,T.Tseng,Beef roll,2026-05-13T12:47:57.796744+00:00
curated/wikimedia_relevance_negatives_2026_05_13/images/train/unrelated/wikimedia_unrelated_0065_53cf3a50b2.jpg,train,Category:Cats,File:Claude Moore Colonial Farm P1010587 (506776392).jpg,https://commons.wikimedia.org/wiki/File:Claude_Moore_Colonial_Farm_P1010587_%28506776392%29.jpg,https://upload.wikimedia.org/wikipedia/commons/thumb/c/cf/Claude_Moore_Colonial_Farm_P1010587_%28506776392%29.jpg/960px-Claude_Moore_Colonial_Farm_P1010587_%28506776392%29.jpg?utm_source=commons.wikimedia.org&utm_campaign=imageinfo&utm_content=thumbnail,CC BY 2.0,Creative Commons Attribution 2.0,"tofer618 from Brooklyn, NY",P1010587,2026-05-13T12:48:01.246873+00:00
curated/wikimedia_relevance_negatives_2026_05_13/images/train/unrelated/wikimedia_unrelated_0067_82693742fa.jpg,train,Category:Cats,File:Παρασκευούλα2.jpg,https://commons.wikimedia.org/wiki/File:%CE%A0%CE%B1%CF%81%CE%B1%CF%83%CE%BA%CE%B5%CF%85%CE%BF%CF%8D%CE%BB%CE%B12.jpg,https://upload.wikimedia.org/wikipedia/commons/thumb/a/a5/%CE%A0%CE%B1%CF%81%CE%B1%CF%83%CE%BA%CE%B5%CF%85%CE%BF%CF%8D%CE%BB%CE%B12.jpg/960px-%CE%A0%CE%B1%CF%81%CE%B1%CF%83%CE%BA%CE%B5%CF%85%CE%BF%CF%8D%CE%BB%CE%B12.jpg?utm_source=commons.wikimedia.org&utm_campaign=imageinfo&utm_content=thumbnail,CC BY-SA 4.0,Creative Commons Attribution-Share Alike 4.0,Sofisot,Own work,2026-05-13T12:48:02.579786+00:00
curated/wikimedia_relevance_negatives_2026_05_13/images/train/unrelated/wikimedia_unrelated_0069_51d02ff5d0.jpg,train,Category:Cats,File:WIKIMWDIA.jpg,https://commons.wikimedia.org/wiki/File:WIKIMWDIA.jpg,https://upload.wikimedia.org/wikipedia/commons/thumb/4/45/WIKIMWDIA.jpg/960px-WIKIMWDIA.jpg?utm_source=commons.wikimedia.org&utm_campaign=imageinfo&utm_content=thumbnail,CC BY-SA 4.0,Creative Commons Attribution-Share Alike 4.0,0eric005,Own work,2026-05-13T12:48:04.241197+00:00
curated/wikimedia_relevance_negatives_2026_05_13/images/train/unrelated/wikimedia_unrelated_0071_e2140adbd8.jpg,train,Category:Cats,"File:Ah, the cat's life... (50288161656).jpg",https://commons.wikimedia.org/wiki/File:Ah%2C_the_cat%27s_life..._%2850288161656%29.jpg,https://upload.wikimedia.org/wikipedia/commons/thumb/1/1b/Ah%2C_the_cat%27s_life..._%2850288161656%29.jpg/960px-Ah%2C_the_cat%27s_life..._%2850288161656%29.jpg?utm_source=commons.wikimedia.org&utm_campaign=imageinfo&utm_content=thumbnail,CC BY-SA 2.0,Creative Commons Attribution-Share Alike 2.0,Tom Mills,"Ah, the cat's life...",2026-05-13T12:48:05.117049+00:00
curated/wikimedia_relevance_negatives_2026_05_13/images/train/unrelated/wikimedia_unrelated_0073_3a6f801974.jpg,train,Category:Cats,File:Czech snow cat (3323979735).jpg,https://commons.wikimedia.org/wiki/File:Czech_snow_cat_%283323979735%29.jpg,https://upload.wikimedia.org/wikipedia/commons/thumb/3/35/Czech_snow_cat_%283323979735%29.jpg/960px-Czech_snow_cat_%283323979735%29.jpg?utm_source=commons.wikimedia.org&utm_campaign=imageinfo&utm_content=thumbnail,CC BY 2.0,Creative Commons Attribution 2.0,"Weldon Kennedy from London, UK",Czech snow cat,2026-05-13T12:48:06.099277+00:00
curated/wikimedia_relevance_negatives_2026_05_13/images/val/unrelated/wikimedia_unrelated_0075_81db9fe7bc.jpg,val,Category:Cats,File:Beware of Cat (14854865074).jpg,https://commons.wikimedia.org/wiki/File:Beware_of_Cat_%2814854865074%29.jpg,https://upload.wikimedia.org/wikipedia/commons/thumb/1/16/Beware_of_Cat_%2814854865074%29.jpg/960px-Beware_of_Cat_%2814854865074%29.jpg?utm_source=commons.wikimedia.org&utm_campaign=imageinfo&utm_content=thumbnail,CC BY 2.0,Creative Commons Attribution 2.0,"Gerry Thomasen from Nanaimo, Canada",Beware of Cat,2026-05-13T12:48:29.007253+00:00
curated/wikimedia_relevance_negatives_2026_05_13/images/test/unrelated/wikimedia_unrelated_0077_35709abf6b.jpg,test,Category:Cats,File:বিড়াল পরিবার--২.jpg,https://commons.wikimedia.org/wiki/File:%E0%A6%AC%E0%A6%BF%E0%A6%A1%E0%A6%BC%E0%A6%BE%E0%A6%B2_%E0%A6%AA%E0%A6%B0%E0%A6%BF%E0%A6%AC%E0%A6%BE%E0%A6%B0--%E0%A7%A8.jpg,https://upload.wikimedia.org/wikipedia/commons/thumb/d/dc/%E0%A6%AC%E0%A6%BF%E0%A6%A1%E0%A6%BC%E0%A6%BE%E0%A6%B2_%E0%A6%AA%E0%A6%B0%E0%A6%BF%E0%A6%AC%E0%A6%BE%E0%A6%B0--%E0%A7%A8.jpg/960px-%E0%A6%AC%E0%A6%BF%E0%A6%A1%E0%A6%BC%E0%A6%BE%E0%A6%B2_%E0%A6%AA%E0%A6%B0%E0%A6%BF%E0%A6%AC%E0%A6%BE%E0%A6%B0--%E0%A7%A8.jpg?utm_source=commons.wikimedia.org&utm_campaign=imageinfo&utm_content=thumbnail,CC BY-SA 4.0,Creative Commons Attribution-Share Alike 4.0,সালাম বুলবুল,Own work,2026-05-13T12:48:29.755581+00:00
curated/wikimedia_relevance_negatives_2026_05_13/images/test/unrelated/wikimedia_unrelated_0079_986c4b66dd.jpg,test,Category:Cats,File:A photo called P1380087.jpg,https://commons.wikimedia.org/wiki/File:A_photo_called_P1380087.jpg,https://upload.wikimedia.org/wikipedia/commons/4/44/A_photo_called_P1380087.jpg?utm_source=commons.wikimedia.org&utm_campaign=imageinfo&utm_content=thumbnail_unscaled,CC BY-SA 4.0,Creative Commons Attribution-Share Alike 4.0,Do better,Own work,2026-05-13T12:48:30.756306+00:00
curated/wikimedia_relevance_negatives_2026_05_13/images/train/unrelated/wikimedia_unrelated_0081_cca02ce27d.jpg,train,Category:Cats,File:Kucing peliharaan.jpg,https://commons.wikimedia.org/wiki/File:Kucing_peliharaan.jpg,https://upload.wikimedia.org/wikipedia/commons/thumb/6/67/Kucing_peliharaan.jpg/960px-Kucing_peliharaan.jpg?utm_source=commons.wikimedia.org&utm_campaign=imageinfo&utm_content=thumbnail,CC BY 4.0,Creative Commons Attribution 4.0,Cendy00,Own work,2026-05-13T12:48:32.417162+00:00
curated/wikimedia_relevance_negatives_2026_05_13/images/train/unrelated/wikimedia_unrelated_0083_304037270c.jpg,train,Category:Cats,File:Cat in the middle.jpg,https://commons.wikimedia.org/wiki/File:Cat_in_the_middle.jpg,https://upload.wikimedia.org/wikipedia/commons/thumb/3/36/Cat_in_the_middle.jpg/960px-Cat_in_the_middle.jpg?utm_source=commons.wikimedia.org&utm_campaign=imageinfo&utm_content=thumbnail,CC0,"Creative Commons Zero, Public Domain Dedication",Beneteasaiya,Own work,2026-05-13T12:48:34.074220+00:00
curated/wikimedia_relevance_negatives_2026_05_13/images/train/unrelated/wikimedia_unrelated_0085_b2cfa696c1.jpg,train,Category:Cats,File:In dappled light she walks - Flickr - neerajnmenon.jpg,https://commons.wikimedia.org/wiki/File:In_dappled_light_she_walks_-_Flickr_-_neerajnmenon.jpg,https://upload.wikimedia.org/wikipedia/commons/thumb/2/2c/In_dappled_light_she_walks_-_Flickr_-_neerajnmenon.jpg/960px-In_dappled_light_she_walks_-_Flickr_-_neerajnmenon.jpg?utm_source=commons.wikimedia.org&utm_campaign=imageinfo&utm_content=thumbnail,CC BY 4.0,Creative Commons Attribution 4.0,Neeraj Menon,In dappled light she walks,2026-05-13T12:48:57.664610+00:00
curated/wikimedia_relevance_negatives_2026_05_13/images/train/unrelated/wikimedia_unrelated_0087_43e8b1cd6e.jpg,train,Category:Cats,File:7390 - Two littles (1).jpg,https://commons.wikimedia.org/wiki/File:7390_-_Two_littles_%281%29.jpg,https://upload.wikimedia.org/wikipedia/commons/thumb/b/bf/7390_-_Two_littles_%281%29.jpg/960px-7390_-_Two_littles_%281%29.jpg?utm_source=commons.wikimedia.org&utm_campaign=imageinfo&utm_content=thumbnail,CC BY 4.0,Creative Commons Attribution 4.0,Ẩn danh (071025),Own work,2026-05-13T12:49:19.880555+00:00
curated/wikimedia_relevance_negatives_2026_05_13/images/train/unrelated/wikimedia_unrelated_0089_978f0862ec.jpg,train,Category:Cats,File:Cat's Paw.jpg,https://commons.wikimedia.org/wiki/File:Cat%27s_Paw.jpg,https://upload.wikimedia.org/wikipedia/commons/b/bc/Cat%27s_Paw.jpg?utm_source=commons.wikimedia.org&utm_campaign=imageinfo&utm_content=thumbnail_unscaled,CC0,"Creative Commons Zero, Public Domain Dedication",Tmoll19,Own work,2026-05-13T12:49:21.079164+00:00
curated/wikimedia_relevance_negatives_2026_05_13/images/train/unrelated/wikimedia_unrelated_0091_f87e230ad9.jpg,train,Category:Cats,File:صورة لقطة تتمسح باصنبور اطفاء احمر.jpg,https://commons.wikimedia.org/wiki/File:%D8%B5%D9%88%D8%B1%D8%A9_%D9%84%D9%82%D8%B7%D8%A9_%D8%AA%D8%AA%D9%85%D8%B3%D8%AD_%D8%A8%D8%A7%D8%B5%D9%86%D8%A8%D9%88%D8%B1_%D8%A7%D8%B7%D9%81%D8%A7%D8%A1_%D8%A7%D8%AD%D9%85%D8%B1.jpg,https://upload.wikimedia.org/wikipedia/commons/2/2b/%D8%B5%D9%88%D8%B1%D8%A9_%D9%84%D9%82%D8%B7%D8%A9_%D8%AA%D8%AA%D9%85%D8%B3%D8%AD_%D8%A8%D8%A7%D8%B5%D9%86%D8%A8%D9%88%D8%B1_%D8%A7%D8%B7%D9%81%D8%A7%D8%A1_%D8%A7%D8%AD%D9%85%D8%B1.jpg?utm_source=commons.wikimedia.org&utm_campaign=imageinfo&utm_content=thumbnail_unscaled,CC BY-SA 4.0,Creative Commons Attribution-Share Alike 4.0,مستخدم مجهول 123,Own work,2026-05-13T12:49:22.046090+00:00
curated/wikimedia_relevance_negatives_2026_05_13/images/train/unrelated/wikimedia_unrelated_0093_42782b4ac1.jpg,train,Category:Cats,File:A cat on the red carpet at the 2025 Red Sea FIlm Festival.jpg,https://commons.wikimedia.org/wiki/File:A_cat_on_the_red_carpet_at_the_2025_Red_Sea_FIlm_Festival.jpg,https://upload.wikimedia.org/wikipedia/commons/thumb/b/b0/A_cat_on_the_red_carpet_at_the_2025_Red_Sea_FIlm_Festival.jpg/960px-A_cat_on_the_red_carpet_at_the_2025_Red_Sea_FIlm_Festival.jpg?utm_source=commons.wikimedia.org&utm_campaign=imageinfo&utm_content=thumbnail,CC BY-SA 4.0,Creative Commons Attribution-Share Alike 4.0,Segolene Liger,Own work,2026-05-13T12:49:23.019304+00:00
curated/wikimedia_relevance_negatives_2026_05_13/images/val/unrelated/wikimedia_unrelated_0095_a5cb903484.jpg,val,Category:Cats,File:Gatalola.jpg,https://commons.wikimedia.org/wiki/File:Gatalola.jpg,https://upload.wikimedia.org/wikipedia/commons/thumb/e/e4/Gatalola.jpg/960px-Gatalola.jpg?utm_source=commons.wikimedia.org&utm_campaign=imageinfo&utm_content=thumbnail,CC BY-SA 4.0,Creative Commons Attribution-Share Alike 4.0,Iris.jrz,Own work,2026-05-13T12:49:24.588720+00:00
curated/wikimedia_relevance_negatives_2026_05_13/images/test/unrelated/wikimedia_unrelated_0097_c08aa99ed3.jpg,test,Category:Dogs,File:500px photo (140222659).jpeg,https://commons.wikimedia.org/wiki/File:500px_photo_%28140222659%29.jpeg,https://upload.wikimedia.org/wikipedia/commons/thumb/8/8b/500px_photo_%28140222659%29.jpeg/960px-500px_photo_%28140222659%29.jpeg?utm_source=commons.wikimedia.org&utm_campaign=imageinfo&utm_content=thumbnail,CC BY 3.0,Creative Commons Attribution 3.0,J Doll,Imported from 500px (archived version) by the Archive Team. (detail page),2026-05-13T12:49:34.306027+00:00
curated/wikimedia_relevance_negatives_2026_05_13/images/test/unrelated/wikimedia_unrelated_0099_a1269500e4.jpg,test,Category:Dogs,File:Blue rocks and a dog.jpg,https://commons.wikimedia.org/wiki/File:Blue_rocks_and_a_dog.jpg,https://upload.wikimedia.org/wikipedia/commons/thumb/7/70/Blue_rocks_and_a_dog.jpg/960px-Blue_rocks_and_a_dog.jpg?utm_source=commons.wikimedia.org&utm_campaign=imageinfo&utm_content=thumbnail,CC BY-SA 4.0,Creative Commons Attribution-Share Alike 4.0,SharabSalam,Own work,2026-05-13T12:49:36.055542+00:00
curated/wikimedia_relevance_negatives_2026_05_13/images/train/unrelated/wikimedia_unrelated_0101_e4bbe15052.jpg,train,Category:Dogs,"File:After Giovanni Bernardi, Bull-Baiting, NGA 44269.jpg",https://commons.wikimedia.org/wiki/File:After_Giovanni_Bernardi%2C_Bull-Baiting%2C_NGA_44269.jpg,https://upload.wikimedia.org/wikipedia/commons/thumb/a/aa/After_Giovanni_Bernardi%2C_Bull-Baiting%2C_NGA_44269.jpg/960px-After_Giovanni_Bernardi%2C_Bull-Baiting%2C_NGA_44269.jpg?utm_source=commons.wikimedia.org&utm_campaign=imageinfo&utm_content=thumbnail,CC0,"Creative Commons Zero, Public Domain Dedication",after Giovanni Bernardi,This file was donated to Wikimedia Commons as part of a project by the National Gallery of Art. Please see the Gallery's Open Access Policy.,2026-05-13T12:49:37.772051+00:00
curated/wikimedia_relevance_negatives_2026_05_13/images/train/unrelated/wikimedia_unrelated_0103_f3c9a88c1c.jpg,train,Category:Dogs,File:Boy and dog standing in water (AM 84384-2).jpg,https://commons.wikimedia.org/wiki/File:Boy_and_dog_standing_in_water_%28AM_84384-2%29.jpg,https://upload.wikimedia.org/wikipedia/commons/thumb/2/29/Boy_and_dog_standing_in_water_%28AM_84384-2%29.jpg/960px-Boy_and_dog_standing_in_water_%28AM_84384-2%29.jpg?utm_source=commons.wikimedia.org&utm_campaign=imageinfo&utm_content=thumbnail,CC BY 4.0,Creative Commons Attribution 4.0,"Collins, Tudor Washington, 1898-1970, photographer",API data Catalogue record Photo,2026-05-13T12:49:38.531419+00:00
curated/wikimedia_relevance_negatives_2026_05_13/images/train/unrelated/wikimedia_unrelated_0105_cbdcc92f1d.jpg,train,Category:Dogs,File:Animals - 26-HK-58-60 - DPLA - bd8df99ff45e2072241be4816c2ad281.jpg,https://commons.wikimedia.org/wiki/File:Animals_-_26-HK-58-60_-_DPLA_-_bd8df99ff45e2072241be4816c2ad281.jpg,https://upload.wikimedia.org/wikipedia/commons/thumb/0/0b/Animals_-_26-HK-58-60_-_DPLA_-_bd8df99ff45e2072241be4816c2ad281.jpg/960px-Animals_-_26-HK-58-60_-_DPLA_-_bd8df99ff45e2072241be4816c2ad281.jpg?utm_source=commons.wikimedia.org&utm_campaign=imageinfo&utm_content=thumbnail,Public domain,Public domain,Department of Homeland Security. U.S. Coast Guard. 3/1/2003,"This file was contributed to Wikimedia Commons by National Archives at College Park - Still Pictures as part of a cooperation project. The donation was facilitated by the Digital Public Library of America, via its partner Digital Public Library of America. Record in source catalog DPLA identifier: bd8df99ff45e2072241be4816c2ad281 National Archives Identifier: 70195365",2026-05-13T12:49:41.109580+00:00
curated/wikimedia_relevance_negatives_2026_05_13/images/train/unrelated/wikimedia_unrelated_0107_6d7d2b5064.jpg,train,Category:Dogs,File:Animals - 26-HK-58-18 - DPLA - 67e569b9f82c16f4e503a0a5beaec695.jpg,https://commons.wikimedia.org/wiki/File:Animals_-_26-HK-58-18_-_DPLA_-_67e569b9f82c16f4e503a0a5beaec695.jpg,https://upload.wikimedia.org/wikipedia/commons/thumb/7/78/Animals_-_26-HK-58-18_-_DPLA_-_67e569b9f82c16f4e503a0a5beaec695.jpg/960px-Animals_-_26-HK-58-18_-_DPLA_-_67e569b9f82c16f4e503a0a5beaec695.jpg?utm_source=commons.wikimedia.org&utm_campaign=imageinfo&utm_content=thumbnail,Public domain,Public domain,Department of Homeland Security. U.S. Coast Guard. 3/1/2003,"This file was contributed to Wikimedia Commons by National Archives at College Park - Still Pictures as part of a cooperation project. The donation was facilitated by the Digital Public Library of America, via its partner Digital Public Library of America. Record in source catalog DPLA identifier: 67e569b9f82c16f4e503a0a5beaec695 National Archives Identifier: 70195281",2026-05-13T12:49:42.333014+00:00
curated/wikimedia_relevance_negatives_2026_05_13/images/train/unrelated/wikimedia_unrelated_0109_aa07ff8891.jpg,train,Category:Dogs,File:Animals - 26-HK-58-20 - DPLA - 66ca77be8dfabae7f392dbd73204d8f2.jpg,https://commons.wikimedia.org/wiki/File:Animals_-_26-HK-58-20_-_DPLA_-_66ca77be8dfabae7f392dbd73204d8f2.jpg,https://upload.wikimedia.org/wikipedia/commons/thumb/7/74/Animals_-_26-HK-58-20_-_DPLA_-_66ca77be8dfabae7f392dbd73204d8f2.jpg/960px-Animals_-_26-HK-58-20_-_DPLA_-_66ca77be8dfabae7f392dbd73204d8f2.jpg?utm_source=commons.wikimedia.org&utm_campaign=imageinfo&utm_content=thumbnail,Public domain,Public domain,Department of Homeland Security. U.S. Coast Guard. 3/1/2003,"This file was contributed to Wikimedia Commons by National Archives at College Park - Still Pictures as part of a cooperation project. The donation was facilitated by the Digital Public Library of America, via its partner Digital Public Library of America. Record in source catalog DPLA identifier: 66ca77be8dfabae7f392dbd73204d8f2 National Archives Identifier: 70195285",2026-05-13T12:49:43.429909+00:00
curated/wikimedia_relevance_negatives_2026_05_13/images/train/unrelated/wikimedia_unrelated_0111_1a842363b1.jpg,train,Category:Dogs,File:5PTF Tudora.jpg,https://commons.wikimedia.org/wiki/File:5PTF_Tudora.jpg,https://upload.wikimedia.org/wikipedia/commons/thumb/e/e1/5PTF_Tudora.jpg/960px-5PTF_Tudora.jpg?utm_source=commons.wikimedia.org&utm_campaign=imageinfo&utm_content=thumbnail,CC BY-SA 4.0,Creative Commons Attribution-Share Alike 4.0,Вранчан,Own work,2026-05-13T12:49:44.880643+00:00
curated/wikimedia_relevance_negatives_2026_05_13/images/train/unrelated/wikimedia_unrelated_0113_b045c0e72a.jpg,train,Category:Dogs,File:Athf.png,https://commons.wikimedia.org/wiki/File:Athf.png,https://upload.wikimedia.org/wikipedia/commons/thumb/d/db/Athf.png/960px-Athf.png?utm_source=commons.wikimedia.org&utm_campaign=imageinfo&utm_content=thumbnail,CC BY-SA 4.0,Creative Commons Attribution-Share Alike 4.0,Crafterzz Chan,Own work,2026-05-13T12:49:45.840252+00:00
curated/wikimedia_relevance_negatives_2026_05_13/images/val/unrelated/wikimedia_unrelated_0115_bfff9cc5c7.jpg,val,Category:Dogs,File:230705 NVWG PORTLAND 0310 (53025872325).jpg,https://commons.wikimedia.org/wiki/File:230705_NVWG_PORTLAND_0310_%2853025872325%29.jpg,https://upload.wikimedia.org/wikipedia/commons/thumb/3/31/230705_NVWG_PORTLAND_0310_%2853025872325%29.jpg/960px-230705_NVWG_PORTLAND_0310_%2853025872325%29.jpg?utm_source=commons.wikimedia.org&utm_campaign=imageinfo&utm_content=thumbnail,Public domain,Public domain,U.S. Department of Veterans Affairs,230705_NVWG_PORTLAND_0310,2026-05-13T12:49:47.726459+00:00
curated/wikimedia_relevance_negatives_2026_05_13/images/test/unrelated/wikimedia_unrelated_0117_a68856efac.jpg,test,Category:Dogs,File:Bodrik.jpg,https://commons.wikimedia.org/wiki/File:Bodrik.jpg,https://upload.wikimedia.org/wikipedia/commons/thumb/9/90/Bodrik.jpg/960px-Bodrik.jpg?utm_source=commons.wikimedia.org&utm_campaign=imageinfo&utm_content=thumbnail,CC BY-SA 4.0,Creative Commons Attribution-Share Alike 4.0,Ucetgrosko,Own work,2026-05-13T12:50:09.648921+00:00
curated/wikimedia_relevance_negatives_2026_05_13/images/test/unrelated/wikimedia_unrelated_0119_1afe41f802.jpg,test,Category:Dogs,"File:After rescuing a man on Snowdon, Mrs Stephanie McCarthy established a rescue service using Great Dane dogs (1569359).jpg",https://commons.wikimedia.org/wiki/File:After_rescuing_a_man_on_Snowdon%2C_Mrs_Stephanie_McCarthy_established_a_rescue_service_using_Great_Dane_dogs_%281569359%29.jpg,https://upload.wikimedia.org/wikipedia/commons/thumb/3/39/After_rescuing_a_man_on_Snowdon%2C_Mrs_Stephanie_McCarthy_established_a_rescue_service_using_Great_Dane_dogs_%281569359%29.jpg/960px-After_rescuing_a_man_on_Snowdon%2C_Mrs_Stephanie_McCarthy_established_a_rescue_service_using_Great_Dane_dogs_%281569359%29.jpg?utm_source=commons.wikimedia.org&utm_campaign=imageinfo&utm_content=thumbnail,CC BY-SA 4.0,Creative Commons Attribution-Share Alike 4.0,Geoff Charles,This image is available from the National Library of Wales You can view this image in its original context on the NLW Catalogue,2026-05-13T12:50:10.770037+00:00
curated/wikimedia_relevance_negatives_2026_05_13/images/train/unrelated/wikimedia_unrelated_0121_a90cfc4531.jpg,train,Category:Dogs,"File:Animal, Dog, Frenchie Chuchu black doggy 2025.jpg",https://commons.wikimedia.org/wiki/File:Animal%2C_Dog%2C_Frenchie_Chuchu_black_doggy_2025.jpg,https://upload.wikimedia.org/wikipedia/commons/thumb/d/d7/Animal%2C_Dog%2C_Frenchie_Chuchu_black_doggy_2025.jpg/960px-Animal%2C_Dog%2C_Frenchie_Chuchu_black_doggy_2025.jpg?utm_source=commons.wikimedia.org&utm_campaign=imageinfo&utm_content=thumbnail,CC0,"Creative Commons Zero, Public Domain Dedication",Gerardolagunes,Own work,2026-05-13T12:50:12.224417+00:00
curated/wikimedia_relevance_negatives_2026_05_13/images/train/unrelated/wikimedia_unrelated_0123_7ad6a2d26e.jpg,train,Category:Dogs,File:A girl and a dog.jpg,https://commons.wikimedia.org/wiki/File:A_girl_and_a_dog.jpg,https://upload.wikimedia.org/wikipedia/commons/thumb/f/f6/A_girl_and_a_dog.jpg/960px-A_girl_and_a_dog.jpg?utm_source=commons.wikimedia.org&utm_campaign=imageinfo&utm_content=thumbnail,CC BY-SA 4.0,Creative Commons Attribution-Share Alike 4.0,Aerous,Own work,2026-05-13T12:50:14.111968+00:00
curated/wikimedia_relevance_negatives_2026_05_13/images/train/unrelated/wikimedia_unrelated_0125_a9dd0413b7.jpg,train,Category:Dogs,File:BobbyWonderful.jpg,https://commons.wikimedia.org/wiki/File:BobbyWonderful.jpg,https://upload.wikimedia.org/wikipedia/commons/thumb/c/ce/BobbyWonderful.jpg/960px-BobbyWonderful.jpg?utm_source=commons.wikimedia.org&utm_campaign=imageinfo&utm_content=thumbnail,CC0,"Creative Commons Zero, Public Domain Dedication",Jen Wong Hui Xian,Own work,2026-05-13T12:50:24.718849+00:00
curated/wikimedia_relevance_negatives_2026_05_13/images/train/unrelated/wikimedia_unrelated_0127_49e6a3633f.jpg,train,Category:Dogs,File:Blissful Solitude.jpg,https://commons.wikimedia.org/wiki/File:Blissful_Solitude.jpg,https://upload.wikimedia.org/wikipedia/commons/thumb/8/8f/Blissful_Solitude.jpg/960px-Blissful_Solitude.jpg?utm_source=commons.wikimedia.org&utm_campaign=imageinfo&utm_content=thumbnail,CC0,"Creative Commons Zero, Public Domain Dedication",Ogboiz,Own work,2026-05-13T12:50:26.717124+00:00
curated/wikimedia_relevance_negatives_2026_05_13/images/train/unrelated/wikimedia_unrelated_0129_dc9f7df23e.jpg,train,Category:Bedrooms,"File:Bedroom of Canopy Tower in Gamboa, Panama 01.jpg",https://commons.wikimedia.org/wiki/File:Bedroom_of_Canopy_Tower_in_Gamboa%2C_Panama_01.jpg,https://upload.wikimedia.org/wikipedia/commons/thumb/2/2e/Bedroom_of_Canopy_Tower_in_Gamboa%2C_Panama_01.jpg/960px-Bedroom_of_Canopy_Tower_in_Gamboa%2C_Panama_01.jpg?utm_source=commons.wikimedia.org&utm_campaign=imageinfo&utm_content=thumbnail,CC BY-SA 3.0,Creative Commons Attribution-Share Alike 3.0,Dozenist,Own work,2026-05-13T12:50:32.307094+00:00
curated/wikimedia_relevance_negatives_2026_05_13/images/train/unrelated/wikimedia_unrelated_0131_490238c4f2.jpg,train,Category:Bedrooms,File:Bedroom furniture by Charles Rennie Mackintosh.jpg,https://commons.wikimedia.org/wiki/File:Bedroom_furniture_by_Charles_Rennie_Mackintosh.jpg,https://upload.wikimedia.org/wikipedia/commons/thumb/6/6d/Bedroom_furniture_by_Charles_Rennie_Mackintosh.jpg/960px-Bedroom_furniture_by_Charles_Rennie_Mackintosh.jpg?utm_source=commons.wikimedia.org&utm_campaign=imageinfo&utm_content=thumbnail,Public domain,Public domain,Karora,Own work,2026-05-13T12:50:33.096370+00:00
curated/wikimedia_relevance_negatives_2026_05_13/images/train/unrelated/wikimedia_unrelated_0133_19d236924b.jpg,train,Category:Bedrooms,File:Bleekman zimmer.jpg,https://commons.wikimedia.org/wiki/File:Bleekman_zimmer.jpg,https://upload.wikimedia.org/wikipedia/commons/thumb/8/84/Bleekman_zimmer.jpg/960px-Bleekman_zimmer.jpg?utm_source=commons.wikimedia.org&utm_campaign=imageinfo&utm_content=thumbnail,CC BY 3.0,Creative Commons Attribution 3.0,Bleekman,Own work,2026-05-13T12:50:34.001240+00:00
curated/wikimedia_relevance_negatives_2026_05_13/images/val/unrelated/wikimedia_unrelated_0135_809d1623a4.jpg,val,Category:Bedrooms,File:Bedroom.jpg,https://commons.wikimedia.org/wiki/File:Bedroom.jpg,https://upload.wikimedia.org/wikipedia/commons/d/db/Bedroom.jpg?utm_source=commons.wikimedia.org&utm_campaign=imageinfo&utm_content=thumbnail_unscaled,CC BY-SA 3.0,Creative Commons Attribution-Share Alike 3.0,Zolinpiero,Own work,2026-05-13T12:50:35.602316+00:00
curated/wikimedia_relevance_negatives_2026_05_13/images/test/unrelated/wikimedia_unrelated_0137_eda9523257.jpg,test,Category:Bedrooms,File:Bedroom in the Bosniak house.jpg,https://commons.wikimedia.org/wiki/File:Bedroom_in_the_Bosniak_house.jpg,https://upload.wikimedia.org/wikipedia/commons/thumb/3/3c/Bedroom_in_the_Bosniak_house.jpg/960px-Bedroom_in_the_Bosniak_house.jpg?utm_source=commons.wikimedia.org&utm_campaign=imageinfo&utm_content=thumbnail,CC BY-SA 2.0,Creative Commons Attribution-Share Alike 2.0,Damien Smith,originally posted to Flickr as Bosnian Bedroom,2026-05-13T12:50:36.782196+00:00
curated/wikimedia_relevance_negatives_2026_05_13/images/test/unrelated/wikimedia_unrelated_0139_16262585f6.jpg,test,Category:Bedrooms,File:Blue bedroom (7530077032).jpg,https://commons.wikimedia.org/wiki/File:Blue_bedroom_%287530077032%29.jpg,https://upload.wikimedia.org/wikipedia/commons/thumb/b/b5/Blue_bedroom_%287530077032%29.jpg/960px-Blue_bedroom_%287530077032%29.jpg?utm_source=commons.wikimedia.org&utm_campaign=imageinfo&utm_content=thumbnail,CC BY-SA 2.0,Creative Commons Attribution-Share Alike 2.0,Karen Mardahl,Blue bedroom Uploaded by Palnatoke,2026-05-13T12:50:38.342443+00:00
curated/wikimedia_relevance_negatives_2026_05_13/images/train/unrelated/wikimedia_unrelated_0141_9f7500f11f.jpg,train,Category:Bedrooms,File:Bedroom twin beds.jpg,https://commons.wikimedia.org/wiki/File:Bedroom_twin_beds.jpg,https://upload.wikimedia.org/wikipedia/commons/thumb/a/a5/Bedroom_twin_beds.jpg/960px-Bedroom_twin_beds.jpg?utm_source=commons.wikimedia.org&utm_campaign=imageinfo&utm_content=thumbnail,CC BY-SA 3.0,Creative Commons Attribution-Share Alike 3.0,IFERREIRO,Own work,2026-05-13T12:50:40.010922+00:00
curated/wikimedia_relevance_negatives_2026_05_13/images/train/unrelated/wikimedia_unrelated_0143_1241264359.jpg,train,Category:Bedrooms,File:Bedroom large double bed.jpg,https://commons.wikimedia.org/wiki/File:Bedroom_large_double_bed.jpg,https://upload.wikimedia.org/wikipedia/commons/thumb/5/58/Bedroom_large_double_bed.jpg/960px-Bedroom_large_double_bed.jpg?utm_source=commons.wikimedia.org&utm_campaign=imageinfo&utm_content=thumbnail,CC BY-SA 3.0,Creative Commons Attribution-Share Alike 3.0,IFERREIRO,Own work,2026-05-13T12:51:03.320920+00:00
curated/wikimedia_relevance_negatives_2026_05_13/images/train/unrelated/wikimedia_unrelated_0145_d5abfc1b47.jpg,train,Category:Bedrooms,File:58 vos.jpg,https://commons.wikimedia.org/wiki/File:58_vos.jpg,https://upload.wikimedia.org/wikipedia/commons/thumb/a/a8/58_vos.jpg/960px-58_vos.jpg?utm_source=commons.wikimedia.org&utm_campaign=imageinfo&utm_content=thumbnail,CC BY-SA 4.0,Creative Commons Attribution-Share Alike 4.0,Yehoash,Own work,2026-05-13T12:51:04.216691+00:00
curated/wikimedia_relevance_negatives_2026_05_13/images/train/unrelated/wikimedia_unrelated_0147_edf841ee7c.jpg,train,Category:Bedrooms,File:Awake (13272214343).jpg,https://commons.wikimedia.org/wiki/File:Awake_%2813272214343%29.jpg,https://upload.wikimedia.org/wikipedia/commons/thumb/7/74/Awake_%2813272214343%29.jpg/960px-Awake_%2813272214343%29.jpg?utm_source=commons.wikimedia.org&utm_campaign=imageinfo&utm_content=thumbnail,CC BY 2.0,Creative Commons Attribution 2.0,Moyan Brenn from Italy,Flickr,2026-05-13T12:51:05.610324+00:00
curated/wikimedia_relevance_negatives_2026_05_13/images/train/unrelated/wikimedia_unrelated_0149_48da801169.jpg,train,Category:Bedrooms,File:Building with assurance (1921) (14576940497).jpg,https://commons.wikimedia.org/wiki/File:Building_with_assurance_%281921%29_%2814576940497%29.jpg,https://upload.wikimedia.org/wikipedia/commons/thumb/3/3a/Building_with_assurance_%281921%29_%2814576940497%29.jpg/960px-Building_with_assurance_%281921%29_%2814576940497%29.jpg?utm_source=commons.wikimedia.org&utm_campaign=imageinfo&utm_content=thumbnail,No restrictions,No known copyright restrictions,Morgan Woodwork Organization,https://www.flickr.com/photos/internetarchivebookimages/14576940497/ Source book page: https://archive.org/stream/BuildingWithAssurance/MorganWoodworkOrganization0001#page/n20/mode/1up,2026-05-13T12:51:06.937295+00:00
curated/wikimedia_relevance_negatives_2026_05_13/images/train/unrelated/wikimedia_unrelated_0151_4585bcbafb.jpg,train,Category:Bedrooms,File:Belle chambre.jpg,https://commons.wikimedia.org/wiki/File:Belle_chambre.jpg,https://upload.wikimedia.org/wikipedia/commons/thumb/b/bf/Belle_chambre.jpg/960px-Belle_chambre.jpg?utm_source=commons.wikimedia.org&utm_campaign=imageinfo&utm_content=thumbnail,CC BY-SA 4.0,Creative Commons Attribution-Share Alike 4.0,Souhila bena,Own work,2026-05-13T12:51:08.528229+00:00
curated/wikimedia_relevance_negatives_2026_05_13/images/train/unrelated/wikimedia_unrelated_0153_b8fcbe3a02.jpg,train,Category:Bedrooms,File:Bedroom with wooden bed (1133).jpg,https://commons.wikimedia.org/wiki/File:Bedroom_with_wooden_bed_%281133%29.jpg,https://upload.wikimedia.org/wikipedia/commons/thumb/8/88/Bedroom_with_wooden_bed_%281133%29.jpg/960px-Bedroom_with_wooden_bed_%281133%29.jpg?utm_source=commons.wikimedia.org&utm_campaign=imageinfo&utm_content=thumbnail,CC BY 3.0,Creative Commons Attribution 3.0,linhvan,https://web.archive.org/web/20161021042902/http://www.panoramio.com/photo/50130346,2026-05-13T12:51:10.101732+00:00
curated/wikimedia_relevance_negatives_2026_05_13/images/val/unrelated/wikimedia_unrelated_0155_c6738ef252.jpg,val,Category:Bedrooms,File:Bedroom logela.jpg,https://commons.wikimedia.org/wiki/File:Bedroom_logela.jpg,https://upload.wikimedia.org/wikipedia/commons/thumb/8/88/Bedroom_logela.jpg/960px-Bedroom_logela.jpg?utm_source=commons.wikimedia.org&utm_campaign=imageinfo&utm_content=thumbnail,CC BY-SA 4.0,Creative Commons Attribution-Share Alike 4.0,Gorkaazk,Own work,2026-05-13T12:51:11.332878+00:00
curated/wikimedia_relevance_negatives_2026_05_13/images/test/unrelated/wikimedia_unrelated_0157_6188e0a9dd.jpg,test,Category:Bedrooms,File:Bedroom window (Unsplash).jpg,https://commons.wikimedia.org/wiki/File:Bedroom_window_%28Unsplash%29.jpg,https://upload.wikimedia.org/wikipedia/commons/thumb/f/f7/Bedroom_window_%28Unsplash%29.jpg/960px-Bedroom_window_%28Unsplash%29.jpg?utm_source=commons.wikimedia.org&utm_campaign=imageinfo&utm_content=thumbnail,CC0,"Creative Commons Zero, Public Domain Dedication",Viktoria Hall-Waldhauser viktorialuise,https://unsplash.com/photos/nVPuHMDwMJA Image at the Wayback Machine Gallery at the Wayback Machine,2026-05-13T12:51:12.776736+00:00
curated/wikimedia_relevance_negatives_2026_05_13/images/test/unrelated/wikimedia_unrelated_0159_e0eb1b0edd.jpg,test,Category:Bedrooms,File:500px photo (65571195).jpeg,https://commons.wikimedia.org/wiki/File:500px_photo_%2865571195%29.jpeg,https://upload.wikimedia.org/wikipedia/commons/thumb/b/b8/500px_photo_%2865571195%29.jpeg/960px-500px_photo_%2865571195%29.jpeg?utm_source=commons.wikimedia.org&utm_campaign=imageinfo&utm_content=thumbnail,CC BY 3.0,Creative Commons Attribution 3.0,Carlota Grau,Imported from 500px (archived version) by the Archive Team. (detail page),2026-05-13T12:51:13.962037+00:00
curated/wikimedia_relevance_negatives_2026_05_13/images/train/unrelated/wikimedia_unrelated_0161_38bfb51eb2.jpg,train,Category:Living rooms,File:A Sixteenth Century Room.jpg,https://commons.wikimedia.org/wiki/File:A_Sixteenth_Century_Room.jpg,https://upload.wikimedia.org/wikipedia/commons/6/63/A_Sixteenth_Century_Room.jpg?utm_source=commons.wikimedia.org&utm_campaign=imageinfo&utm_content=thumbnail_unscaled,Public domain,Public domain,,,2026-05-13T12:51:41.704568+00:00
curated/wikimedia_relevance_negatives_2026_05_13/images/train/unrelated/wikimedia_unrelated_0163_ab95cc8394.jpg,train,Category:Living rooms,File:5הבית שלנו בירושלים.jpg,https://commons.wikimedia.org/wiki/File:5%D7%94%D7%91%D7%99%D7%AA_%D7%A9%D7%9C%D7%A0%D7%95_%D7%91%D7%99%D7%A8%D7%95%D7%A9%D7%9C%D7%99%D7%9D.jpg,https://upload.wikimedia.org/wikipedia/commons/c/c2/5%D7%94%D7%91%D7%99%D7%AA_%D7%A9%D7%9C%D7%A0%D7%95_%D7%91%D7%99%D7%A8%D7%95%D7%A9%D7%9C%D7%99%D7%9D.jpg?utm_source=commons.wikimedia.org&utm_campaign=imageinfo&utm_content=thumbnail_unscaled,CC BY-SA 3.0,Creative Commons Attribution-Share Alike 3.0,Friedman Zohar,Own work,2026-05-13T12:51:42.713366+00:00
curated/wikimedia_relevance_negatives_2026_05_13/images/train/unrelated/wikimedia_unrelated_0165_847c271b57.jpg,train,Category:Living rooms,File:Alma Adamkiene and Laura Bush (2).jpg,https://commons.wikimedia.org/wiki/File:Alma_Adamkiene_and_Laura_Bush_%282%29.jpg,https://upload.wikimedia.org/wikipedia/commons/7/78/Alma_Adamkiene_and_Laura_Bush_%282%29.jpg?utm_source=commons.wikimedia.org&utm_campaign=imageinfo&utm_content=thumbnail_unscaled,Public domain,Public domain,White House photo by Shealah Craighead,White House,2026-05-13T12:51:43.680432+00:00
curated/wikimedia_relevance_negatives_2026_05_13/images/train/unrelated/wikimedia_unrelated_0167_d46ffd32bb.jpg,train,Category:Living rooms,File:Antesala.jpg,https://commons.wikimedia.org/wiki/File:Antesala.jpg,https://upload.wikimedia.org/wikipedia/commons/thumb/7/7a/Antesala.jpg/960px-Antesala.jpg?utm_source=commons.wikimedia.org&utm_campaign=imageinfo&utm_content=thumbnail,Public domain,Public domain,No machine-readable author provided. Pinki~commonswiki assumed (based on copyright claims).,No machine-readable source provided. Own work assumed (based on copyright claims).,2026-05-13T12:51:45.543812+00:00
curated/wikimedia_relevance_negatives_2026_05_13/images/train/unrelated/wikimedia_unrelated_0169_1561991183.jpg,train,Category:Living rooms,File:Aeichem - IMG 0080.JPG,https://commons.wikimedia.org/wiki/File:Aeichem_-_IMG_0080.JPG,https://upload.wikimedia.org/wikipedia/commons/thumb/3/39/Aeichem_-_IMG_0080.JPG/960px-Aeichem_-_IMG_0080.JPG?utm_source=commons.wikimedia.org&utm_campaign=imageinfo&utm_content=thumbnail,CC BY-SA 3.0,Creative Commons Attribution-Share Alike 3.0,Aleichem,Own work,2026-05-13T12:51:47.801261+00:00
curated/wikimedia_relevance_negatives_2026_05_13/images/train/unrelated/wikimedia_unrelated_0171_92c961e318.jpg,train,Category:Living rooms,File:ALeichem -IMG 0082.JPG,https://commons.wikimedia.org/wiki/File:ALeichem_-IMG_0082.JPG,https://upload.wikimedia.org/wikipedia/commons/thumb/f/f0/ALeichem_-IMG_0082.JPG/960px-ALeichem_-IMG_0082.JPG?utm_source=commons.wikimedia.org&utm_campaign=imageinfo&utm_content=thumbnail,CC BY-SA 3.0,Creative Commons Attribution-Share Alike 3.0,Aleichem,Own work,2026-05-13T12:51:50.343757+00:00
curated/wikimedia_relevance_negatives_2026_05_13/images/train/unrelated/wikimedia_unrelated_0173_f4abf0e148.jpg,train,Category:Living rooms,File:AlberoNataleLor.JPG,https://commons.wikimedia.org/wiki/File:AlberoNataleLor.JPG,https://upload.wikimedia.org/wikipedia/commons/thumb/8/89/AlberoNataleLor.JPG/960px-AlberoNataleLor.JPG?utm_source=commons.wikimedia.org&utm_campaign=imageinfo&utm_content=thumbnail,Public domain,Public domain,Loroli,Own work,2026-05-13T12:51:51.691721+00:00
curated/wikimedia_relevance_negatives_2026_05_13/images/val/unrelated/wikimedia_unrelated_0175_887dcfbbd3.jpg,val,Category:Living rooms,"File:Bundesarchiv Bild 183-1993-0105-514, Wolfgang Harich in seiner Wohnung.jpg",https://commons.wikimedia.org/wiki/File:Bundesarchiv_Bild_183-1993-0105-514%2C_Wolfgang_Harich_in_seiner_Wohnung.jpg,https://upload.wikimedia.org/wikipedia/commons/d/d1/Bundesarchiv_Bild_183-1993-0105-514%2C_Wolfgang_Harich_in_seiner_Wohnung.jpg?utm_source=commons.wikimedia.org&utm_campaign=imageinfo&utm_content=thumbnail_unscaled,CC BY-SA 3.0 de,Creative Commons Attribution-Share Alike 3.0 de,Eva Kemlein,"This image was provided to Wikimedia Commons by the German Federal Archive (Deutsches Bundesarchiv) as part of a cooperation project. The German Federal Archive guarantees an authentic representation only using the originals (negative and/or positive), resp. the digitalization of the originals as provided by the Digital Image Archive.",2026-05-13T12:51:52.385932+00:00
curated/wikimedia_relevance_negatives_2026_05_13/images/test/unrelated/wikimedia_unrelated_0177_34e7af8258.jpg,test,Category:Living rooms,File:Accommodation01.jpg,https://commons.wikimedia.org/wiki/File:Accommodation01.jpg,https://upload.wikimedia.org/wikipedia/commons/8/82/Accommodation01.jpg?utm_source=commons.wikimedia.org&utm_campaign=imageinfo&utm_content=thumbnail_unscaled,Public domain,Public domain,Accommodation Cape Town,2010 World Cup,2026-05-13T12:51:54.416029+00:00
curated/wikimedia_relevance_negatives_2026_05_13/images/test/unrelated/wikimedia_unrelated_0179_c5a5e9128f.jpg,test,Category:Living rooms,File:Beach House Bridgehampton (12).jpg,https://commons.wikimedia.org/wiki/File:Beach_House_Bridgehampton_%2812%29.jpg,https://upload.wikimedia.org/wikipedia/commons/thumb/f/fb/Beach_House_Bridgehampton_%2812%29.jpg/960px-Beach_House_Bridgehampton_%2812%29.jpg?utm_source=commons.wikimedia.org&utm_campaign=imageinfo&utm_content=thumbnail,CC BY-SA 3.0,Creative Commons Attribution-Share Alike 3.0,Interior Designer Amy Lau,Own work,2026-05-13T12:51:56.389883+00:00
curated/wikimedia_relevance_negatives_2026_05_13/images/train/unrelated/wikimedia_unrelated_0181_15f0abd3ab.jpg,train,Category:Living rooms,"File:19th century Victorian living room, Auckland - 0825.jpg",https://commons.wikimedia.org/wiki/File:19th_century_Victorian_living_room%2C_Auckland_-_0825.jpg,https://upload.wikimedia.org/wikipedia/commons/thumb/2/22/19th_century_Victorian_living_room%2C_Auckland_-_0825.jpg/960px-19th_century_Victorian_living_room%2C_Auckland_-_0825.jpg?utm_source=commons.wikimedia.org&utm_campaign=imageinfo&utm_content=thumbnail,CC BY-SA 3.0,Creative Commons Attribution-Share Alike 3.0,Jorge Royan,Own work,2026-05-13T12:52:18.400328+00:00
curated/wikimedia_relevance_negatives_2026_05_13/images/train/unrelated/wikimedia_unrelated_0183_3efb5eaae7.jpg,train,Category:Living rooms,"File:19th century Victorian living room, Auckland - 0843.jpg",https://commons.wikimedia.org/wiki/File:19th_century_Victorian_living_room%2C_Auckland_-_0843.jpg,https://upload.wikimedia.org/wikipedia/commons/thumb/3/35/19th_century_Victorian_living_room%2C_Auckland_-_0843.jpg/960px-19th_century_Victorian_living_room%2C_Auckland_-_0843.jpg?utm_source=commons.wikimedia.org&utm_campaign=imageinfo&utm_content=thumbnail,CC BY-SA 3.0,Creative Commons Attribution-Share Alike 3.0,Jorge Royan,Own work,2026-05-13T12:52:19.824049+00:00
curated/wikimedia_relevance_negatives_2026_05_13/images/train/unrelated/wikimedia_unrelated_0185_b7c473b44d.jpg,train,Category:Living rooms,"File:19th century Victorian living room, Auckland - 0846.jpg",https://commons.wikimedia.org/wiki/File:19th_century_Victorian_living_room%2C_Auckland_-_0846.jpg,https://upload.wikimedia.org/wikipedia/commons/thumb/8/8d/19th_century_Victorian_living_room%2C_Auckland_-_0846.jpg/960px-19th_century_Victorian_living_room%2C_Auckland_-_0846.jpg?utm_source=commons.wikimedia.org&utm_campaign=imageinfo&utm_content=thumbnail,CC BY-SA 3.0,Creative Commons Attribution-Share Alike 3.0,Jorge Royan,Own work,2026-05-13T12:52:21.243700+00:00
curated/wikimedia_relevance_negatives_2026_05_13/images/train/unrelated/wikimedia_unrelated_0187_e3d7b8fbc0.jpg,train,Category:Living rooms,File:Betonepox obývací pokoj.JPG,https://commons.wikimedia.org/wiki/File:Betonepox_ob%C3%BDvac%C3%AD_pokoj.JPG,https://upload.wikimedia.org/wikipedia/commons/thumb/f/f8/Betonepox_ob%C3%BDvac%C3%AD_pokoj.JPG/960px-Betonepox_ob%C3%BDvac%C3%AD_pokoj.JPG?utm_source=commons.wikimedia.org&utm_campaign=imageinfo&utm_content=thumbnail,CC BY-SA 3.0,Creative Commons Attribution-Share Alike 3.0,Koenigsmark Lenka,Own work,2026-05-13T12:52:22.780340+00:00
curated/wikimedia_relevance_negatives_2026_05_13/images/train/unrelated/wikimedia_unrelated_0189_b3a76e58d9.jpg,train,Category:Living rooms,File:(Portrait de famille dans un salon) - Fonds Trutat - 51Fi310.jpg,https://commons.wikimedia.org/wiki/File:%28Portrait_de_famille_dans_un_salon%29_-_Fonds_Trutat_-_51Fi310.jpg,https://upload.wikimedia.org/wikipedia/commons/1/1e/%28Portrait_de_famille_dans_un_salon%29_-_Fonds_Trutat_-_51Fi310.jpg?utm_source=commons.wikimedia.org&utm_campaign=imageinfo&utm_content=thumbnail_unscaled,Public domain,Public domain,Eugène Trutat,"This photograph is part of the Fonds Eugène Trutat, preserved by the city archives of Toulouse.It was provided to Wikimedia Commons as part of a cooperation project with Wikimédia France.",2026-05-13T12:52:24.349090+00:00
curated/wikimedia_relevance_negatives_2026_05_13/images/train/unrelated/wikimedia_unrelated_0191_efb4f9aee4.jpg,train,Category:Living rooms,File:(Portrait de famille dans un salon) - Fonds Trutat - 51Fi309.jpg,https://commons.wikimedia.org/wiki/File:%28Portrait_de_famille_dans_un_salon%29_-_Fonds_Trutat_-_51Fi309.jpg,https://upload.wikimedia.org/wikipedia/commons/a/ab/%28Portrait_de_famille_dans_un_salon%29_-_Fonds_Trutat_-_51Fi309.jpg?utm_source=commons.wikimedia.org&utm_campaign=imageinfo&utm_content=thumbnail_unscaled,Public domain,Public domain,Eugène Trutat,"This photograph is part of the Fonds Eugène Trutat, preserved by the city archives of Toulouse.It was provided to Wikimedia Commons as part of a cooperation project with Wikimédia France.",2026-05-13T12:52:25.676994+00:00
curated/wikimedia_relevance_negatives_2026_05_13/images/train/unrelated/wikimedia_unrelated_0193_0dc4e6d79b.jpg,train,Category:Rooms,File:AizuWakamatsuBukeYashikiInterior.jpg,https://commons.wikimedia.org/wiki/File:AizuWakamatsuBukeYashikiInterior.jpg,https://upload.wikimedia.org/wikipedia/commons/thumb/1/1b/AizuWakamatsuBukeYashikiInterior.jpg/960px-AizuWakamatsuBukeYashikiInterior.jpg?utm_source=commons.wikimedia.org&utm_campaign=imageinfo&utm_content=thumbnail,Public domain,Public domain,,Own work,2026-05-13T12:52:37.549339+00:00
curated/wikimedia_relevance_negatives_2026_05_13/images/val/unrelated/wikimedia_unrelated_0195_cdd6cf6d1e.jpg,val,Category:Rooms,File:AizuWakamatsuBukeYashikiYariNoMa.jpg,https://commons.wikimedia.org/wiki/File:AizuWakamatsuBukeYashikiYariNoMa.jpg,https://upload.wikimedia.org/wikipedia/commons/thumb/a/aa/AizuWakamatsuBukeYashikiYariNoMa.jpg/960px-AizuWakamatsuBukeYashikiYariNoMa.jpg?utm_source=commons.wikimedia.org&utm_campaign=imageinfo&utm_content=thumbnail,Public domain,Public domain,Fg2 (assumed),No machine-readable source provided. Own work assumed (based on copyright claims).,2026-05-13T12:52:38.555304+00:00
curated/wikimedia_relevance_negatives_2026_05_13/images/test/unrelated/wikimedia_unrelated_0197_43814699d4.jpg,test,Category:Rooms,File:Abbotsford04.jpg,https://commons.wikimedia.org/wiki/File:Abbotsford04.jpg,https://upload.wikimedia.org/wikipedia/commons/thumb/0/09/Abbotsford04.jpg/960px-Abbotsford04.jpg?utm_source=commons.wikimedia.org&utm_campaign=imageinfo&utm_content=thumbnail,CC BY-SA 2.0 de,Creative Commons Attribution-Share Alike 2.0 de,,,2026-05-13T12:52:39.793711+00:00
curated/wikimedia_relevance_negatives_2026_05_13/images/test/unrelated/wikimedia_unrelated_0199_2335714653.jpg,test,Category:Rooms,File:Abbotsford06.jpg,https://commons.wikimedia.org/wiki/File:Abbotsford06.jpg,https://upload.wikimedia.org/wikipedia/commons/thumb/a/a3/Abbotsford06.jpg/960px-Abbotsford06.jpg?utm_source=commons.wikimedia.org&utm_campaign=imageinfo&utm_content=thumbnail,CC BY-SA 2.0 de,Creative Commons Attribution-Share Alike 2.0 de,,,2026-05-13T12:52:41.673942+00:00
curated/wikimedia_relevance_negatives_2026_05_13/images/train/unrelated/wikimedia_unrelated_0201_1189223f17.jpg,train,Category:Rooms,File:Arch-render-vestibule.png,https://commons.wikimedia.org/wiki/File:Arch-render-vestibule.png,https://upload.wikimedia.org/wikipedia/commons/9/98/Arch-render-vestibule.png?utm_source=commons.wikimedia.org&utm_campaign=imageinfo&utm_content=thumbnail_unscaled,CC BY-SA 2.5,Creative Commons Attribution-Share Alike 2.5,,,2026-05-13T12:52:42.331805+00:00
curated/wikimedia_relevance_negatives_2026_05_13/images/train/unrelated/wikimedia_unrelated_0203_26fdbb33a0.jpg,train,Category:Rooms,File:Baardar02.JPG,https://commons.wikimedia.org/wiki/File:Baardar02.JPG,https://upload.wikimedia.org/wikipedia/commons/thumb/c/cc/Baardar02.JPG/960px-Baardar02.JPG?utm_source=commons.wikimedia.org&utm_campaign=imageinfo&utm_content=thumbnail,CC BY-SA 3.0,Creative Commons Attribution-Share Alike 3.0,Anders Røsten,Own work,2026-05-13T12:52:44.497351+00:00
curated/wikimedia_relevance_negatives_2026_05_13/images/train/unrelated/wikimedia_unrelated_0205_44aa023d03.jpg,train,Category:Rooms,File:A 3D model of a bedroom created with Autodesk Inventor- 2014-05-11 12-38.jpg,https://commons.wikimedia.org/wiki/File:A_3D_model_of_a_bedroom_created_with_Autodesk_Inventor-_2014-05-11_12-38.jpg,https://upload.wikimedia.org/wikipedia/commons/3/3f/A_3D_model_of_a_bedroom_created_with_Autodesk_Inventor-_2014-05-11_12-38.jpg?utm_source=commons.wikimedia.org&utm_campaign=imageinfo&utm_content=thumbnail_unscaled,CC BY-SA 3.0,Creative Commons Attribution-Share Alike 3.0,User:Tomaye,Own work,2026-05-13T12:53:07.117962+00:00
curated/wikimedia_relevance_negatives_2026_05_13/images/train/unrelated/wikimedia_unrelated_0207_e1eafdb8d6.jpg,train,Category:Rooms,File:Arkivsalon.JPG,https://commons.wikimedia.org/wiki/File:Arkivsalon.JPG,https://upload.wikimedia.org/wikipedia/commons/thumb/b/bd/Arkivsalon.JPG/960px-Arkivsalon.JPG?utm_source=commons.wikimedia.org&utm_campaign=imageinfo&utm_content=thumbnail,CC BY-SA 3.0,Creative Commons Attribution-Share Alike 3.0,Lenewul,Own work,2026-05-13T12:53:08.197817+00:00
curated/wikimedia_relevance_negatives_2026_05_13/images/train/unrelated/wikimedia_unrelated_0209_e131ab1b99.jpg,train,Category:Rooms,File:Ames House Illusion (2537162135).jpg,https://commons.wikimedia.org/wiki/File:Ames_House_Illusion_%282537162135%29.jpg,https://upload.wikimedia.org/wikipedia/commons/thumb/d/d4/Ames_House_Illusion_%282537162135%29.jpg/960px-Ames_House_Illusion_%282537162135%29.jpg?utm_source=commons.wikimedia.org&utm_campaign=imageinfo&utm_content=thumbnail,CC BY-SA 2.0,Creative Commons Attribution-Share Alike 2.0,Alan Levine,Ames House Illusion,2026-05-13T12:53:12.233041+00:00
curated/wikimedia_relevance_negatives_2026_05_13/images/train/unrelated/wikimedia_unrelated_0211_67ab5f232a.jpg,train,Category:Rooms,File:151026 - HPS 0701 (2).jpg,https://commons.wikimedia.org/wiki/File:151026_-_HPS_0701_%282%29.jpg,https://upload.wikimedia.org/wikipedia/commons/thumb/a/ac/151026_-_HPS_0701_%282%29.jpg/960px-151026_-_HPS_0701_%282%29.jpg?utm_source=commons.wikimedia.org&utm_campaign=imageinfo&utm_content=thumbnail,CC BY-SA 4.0,Creative Commons Attribution-Share Alike 4.0,Nils Strand,Own work,2026-05-13T12:53:34.491515+00:00
curated/wikimedia_relevance_negatives_2026_05_13/images/train/unrelated/wikimedia_unrelated_0213_184411740d.jpg,train,Category:Rooms,File:Arbeitszimmer - panoramio.jpg,https://commons.wikimedia.org/wiki/File:Arbeitszimmer_-_panoramio.jpg,https://upload.wikimedia.org/wikipedia/commons/thumb/3/3c/Arbeitszimmer_-_panoramio.jpg/960px-Arbeitszimmer_-_panoramio.jpg?utm_source=commons.wikimedia.org&utm_campaign=imageinfo&utm_content=thumbnail,CC BY-SA 3.0,Creative Commons Attribution-Share Alike 3.0,Arnold Schott,https://web.archive.org/web/20161021224303/http://www.panoramio.com/photo/8137704,2026-05-13T12:53:35.917152+00:00
curated/wikimedia_relevance_negatives_2026_05_13/images/val/unrelated/wikimedia_unrelated_0215_38a82b3a8e.jpg,val,Category:Rooms,File:09851--1908--Brück & Sohn Kunstverlag.jpg,https://commons.wikimedia.org/wiki/File:09851--1908--Br%C3%BCck_%26_Sohn_Kunstverlag.jpg,https://upload.wikimedia.org/wikipedia/commons/thumb/0/0a/09851--1908--Br%C3%BCck_%26_Sohn_Kunstverlag.jpg/960px-09851--1908--Br%C3%BCck_%26_Sohn_Kunstverlag.jpg?utm_source=commons.wikimedia.org&utm_campaign=imageinfo&utm_content=thumbnail,CC0,"Creative Commons Zero, Public Domain Dedication",Brück &amp; Sohn Kunstverlag Meißen,Own work,2026-05-13T12:53:37.153141+00:00
curated/wikimedia_relevance_negatives_2026_05_13/images/test/unrelated/wikimedia_unrelated_0217_64755d8519.jpg,test,Category:Rooms,File:Aspi1w400.jpg,https://commons.wikimedia.org/wiki/File:Aspi1w400.jpg,https://upload.wikimedia.org/wikipedia/commons/8/8d/Aspi1w400.jpg?utm_source=commons.wikimedia.org&utm_campaign=imageinfo&utm_content=thumbnail_unscaled,CC BY-SA 4.0,Creative Commons Attribution-Share Alike 4.0,Wales engineer,Own work,2026-05-13T12:53:38.197975+00:00
curated/wikimedia_relevance_negatives_2026_05_13/images/test/unrelated/wikimedia_unrelated_0219_4778d4dfbc.jpg,test,Category:Rooms,File:.Apartament Grand Hotel Kraków.jpg,https://commons.wikimedia.org/wiki/File:.Apartament_Grand_Hotel_Krak%C3%B3w.jpg,https://upload.wikimedia.org/wikipedia/commons/0/0c/.Apartament_Grand_Hotel_Krak%C3%B3w.jpg?utm_source=commons.wikimedia.org&utm_campaign=imageinfo&utm_content=thumbnail_unscaled,CC BY-SA 4.0,Creative Commons Attribution-Share Alike 4.0,GrandHotelKrakow,Own work,2026-05-13T12:53:39.072363+00:00
curated/wikimedia_relevance_negatives_2026_05_13/images/train/unrelated/wikimedia_unrelated_0221_33607eab76.jpg,train,Category:Rooms,File:A comfortable way to enjoy the snowy views (3031989394).jpg,https://commons.wikimedia.org/wiki/File:A_comfortable_way_to_enjoy_the_snowy_views_%283031989394%29.jpg,https://upload.wikimedia.org/wikipedia/commons/thumb/1/17/A_comfortable_way_to_enjoy_the_snowy_views_%283031989394%29.jpg/960px-A_comfortable_way_to_enjoy_the_snowy_views_%283031989394%29.jpg?utm_source=commons.wikimedia.org&utm_campaign=imageinfo&utm_content=thumbnail,CC0,"Creative Commons Zero, Public Domain Dedication",cogdogblog,https://www.flickr.com/photos/cogdog/3031989394/,2026-05-13T12:53:40.235639+00:00
curated/wikimedia_relevance_negatives_2026_05_13/images/train/unrelated/wikimedia_unrelated_0223_47e817f6a0.jpg,train,Category:Rooms,File:Araña Sala Principal con vista a Sala Caritier.jpg,https://commons.wikimedia.org/wiki/File:Ara%C3%B1a_Sala_Principal_con_vista_a_Sala_Caritier.jpg,https://upload.wikimedia.org/wikipedia/commons/thumb/4/4a/Ara%C3%B1a_Sala_Principal_con_vista_a_Sala_Caritier.jpg/960px-Ara%C3%B1a_Sala_Principal_con_vista_a_Sala_Caritier.jpg?utm_source=commons.wikimedia.org&utm_campaign=imageinfo&utm_content=thumbnail,CC BY-SA 4.0,Creative Commons Attribution-Share Alike 4.0,CandelaCasenaveM,Own work,2026-05-13T12:53:42.232327+00:00
curated/wikimedia_relevance_negatives_2026_05_13/images/train/unrelated/wikimedia_unrelated_0225_98fa41d454.jpg,train,Category:Documents,File:Amending America Family Day (27169424842).jpg,https://commons.wikimedia.org/wiki/File:Amending_America_Family_Day_%2827169424842%29.jpg,https://upload.wikimedia.org/wikipedia/commons/thumb/2/2d/Amending_America_Family_Day_%2827169424842%29.jpg/960px-Amending_America_Family_Day_%2827169424842%29.jpg?utm_source=commons.wikimedia.org&utm_campaign=imageinfo&utm_content=thumbnail,Public domain,Public domain,U.S. National Archives,Amending America Family Day,2026-05-13T12:53:51.993014+00:00
curated/wikimedia_relevance_negatives_2026_05_13/images/train/unrelated/wikimedia_unrelated_0227_293efff12a.jpg,train,Category:Documents,File:Autorizacion65555.jpg,https://commons.wikimedia.org/wiki/File:Autorizacion65555.jpg,https://upload.wikimedia.org/wikipedia/commons/thumb/4/44/Autorizacion65555.jpg/960px-Autorizacion65555.jpg?utm_source=commons.wikimedia.org&utm_campaign=imageinfo&utm_content=thumbnail,CC BY-SA 4.0,Creative Commons Attribution-Share Alike 4.0,Gonzalo46,Own work,2026-05-13T12:53:53.022254+00:00
curated/wikimedia_relevance_negatives_2026_05_13/images/train/unrelated/wikimedia_unrelated_0229_1d67d3a091.jpg,train,Category:Documents,File:Autographed Plaque of the 63rd Infantry Division - NARA - 16411730 (page 1).jpg,https://commons.wikimedia.org/wiki/File:Autographed_Plaque_of_the_63rd_Infantry_Division_-_NARA_-_16411730_%28page_1%29.jpg,https://upload.wikimedia.org/wikipedia/commons/thumb/2/23/Autographed_Plaque_of_the_63rd_Infantry_Division_-_NARA_-_16411730_%28page_1%29.jpg/960px-Autographed_Plaque_of_the_63rd_Infantry_Division_-_NARA_-_16411730_%28page_1%29.jpg?utm_source=commons.wikimedia.org&utm_campaign=imageinfo&utm_content=thumbnail,Public domain,Public domain,"Roosevelt, Franklin D. (Franklin Delano), 1882-1945 (NARA record: 10582816)",U.S. National Archives and Records Administration,2026-05-13T12:53:54.249131+00:00
curated/wikimedia_relevance_negatives_2026_05_13/images/train/unrelated/wikimedia_unrelated_0231_f622b46f3c.jpg,train,Category:Documents,File:Autographed Plaque of the 63rd Infantry Division - NARA - 16411730 (page 4).jpg,https://commons.wikimedia.org/wiki/File:Autographed_Plaque_of_the_63rd_Infantry_Division_-_NARA_-_16411730_%28page_4%29.jpg,https://upload.wikimedia.org/wikipedia/commons/thumb/7/7e/Autographed_Plaque_of_the_63rd_Infantry_Division_-_NARA_-_16411730_%28page_4%29.jpg/960px-Autographed_Plaque_of_the_63rd_Infantry_Division_-_NARA_-_16411730_%28page_4%29.jpg?utm_source=commons.wikimedia.org&utm_campaign=imageinfo&utm_content=thumbnail,Public domain,Public domain,"Roosevelt, Franklin D. (Franklin Delano), 1882-1945 (NARA record: 10582816)",U.S. National Archives and Records Administration,2026-05-13T12:53:57.249046+00:00
curated/wikimedia_relevance_negatives_2026_05_13/images/train/unrelated/wikimedia_unrelated_0233_04648edfa5.jpg,train,Category:Documents,File:Bifold Wallet - NARA - 7268451 (page 3).jpg,https://commons.wikimedia.org/wiki/File:Bifold_Wallet_-_NARA_-_7268451_%28page_3%29.jpg,https://upload.wikimedia.org/wikipedia/commons/thumb/e/e2/Bifold_Wallet_-_NARA_-_7268451_%28page_3%29.jpg/960px-Bifold_Wallet_-_NARA_-_7268451_%28page_3%29.jpg?utm_source=commons.wikimedia.org&utm_campaign=imageinfo&utm_content=thumbnail,Public domain,Public domain,Unknown authorUnknown author or not provided,U.S. National Archives and Records Administration,2026-05-13T12:53:58.951258+00:00
curated/wikimedia_relevance_negatives_2026_05_13/images/val/unrelated/wikimedia_unrelated_0235_2b430643d1.jpg,val,Category:Documents,"File:Caldera-Carreno, Luis - 2-24-1945 - DPLA - 71f297ca7740d6a4c28d0cad159e114e.jpg",https://commons.wikimedia.org/wiki/File:Caldera-Carreno%2C_Luis_-_2-24-1945_-_DPLA_-_71f297ca7740d6a4c28d0cad159e114e.jpg,https://upload.wikimedia.org/wikipedia/commons/thumb/6/6b/Caldera-Carreno%2C_Luis_-_2-24-1945_-_DPLA_-_71f297ca7740d6a4c28d0cad159e114e.jpg/960px-Caldera-Carreno%2C_Luis_-_2-24-1945_-_DPLA_-_71f297ca7740d6a4c28d0cad159e114e.jpg?utm_source=commons.wikimedia.org&utm_campaign=imageinfo&utm_content=thumbnail,Public domain,Public domain,Department of Justice. Immigration and Naturalization Service. 6/14/1940-3/1/2003,"This file was contributed to Wikimedia Commons by National Archives at Washington, DC - Textual Reference as part of a cooperation project. The donation was facilitated by the Digital Public Library of America, via its partner Digital Public Library of America. Record in source catalog DPLA identifier: 71f297ca7740d6a4c28d0cad159e114e National Archives Identifier: 24954342",2026-05-13T12:54:02.678225+00:00
curated/wikimedia_relevance_negatives_2026_05_13/images/test/unrelated/wikimedia_unrelated_0237_84627583ba.jpg,test,Category:Documents,"File:Alley, Louise - Cross Reference Herman - DPLA - 1e4139db1eed77865ba229ba67de57c2.jpg",https://commons.wikimedia.org/wiki/File:Alley%2C_Louise_-_Cross_Reference_Herman_-_DPLA_-_1e4139db1eed77865ba229ba67de57c2.jpg,https://upload.wikimedia.org/wikipedia/commons/thumb/9/91/Alley%2C_Louise_-_Cross_Reference_Herman_-_DPLA_-_1e4139db1eed77865ba229ba67de57c2.jpg/960px-Alley%2C_Louise_-_Cross_Reference_Herman_-_DPLA_-_1e4139db1eed77865ba229ba67de57c2.jpg?utm_source=commons.wikimedia.org&utm_campaign=imageinfo&utm_content=thumbnail,Public domain,Public domain,Department of the Interior. Office of Indian Affairs. Ponca Agency. 11/1/1870-1919,"This file was contributed to Wikimedia Commons by National Archives and Records Administration as part of a cooperation project. The donation was facilitated by the Digital Public Library of America, via its partner Digital Public Library of America. Record in source catalog DPLA identifier: 1e4139db1eed77865ba229ba67de57c2 National Archives Identifier: 6111419",2026-05-13T12:54:05.207921+00:00
curated/wikimedia_relevance_negatives_2026_05_13/images/test/unrelated/wikimedia_unrelated_0239_2b6dd212e2.jpg,test,Category:Documents,File:Attilio Vaninetti Cavaliere della Corona di Italia.jpg,https://commons.wikimedia.org/wiki/File:Attilio_Vaninetti_Cavaliere_della_Corona_di_Italia.jpg,https://upload.wikimedia.org/wikipedia/commons/f/f1/Attilio_Vaninetti_Cavaliere_della_Corona_di_Italia.jpg?utm_source=commons.wikimedia.org&utm_campaign=imageinfo&utm_content=thumbnail_unscaled,CC BY-SA 4.0,Creative Commons Attribution-Share Alike 4.0,Fvaninet,Own work,2026-05-13T12:54:06.062318+00:00
